{"accuracy": [0.030497591942548752, 0.033306580036878586, 0.04855537787079811, 0.0818619579076767, 0.09390047937631607, 0.12560193240642548, 0.15048153698444366, 0.18780095875263214, 0.23194222152233124, 0.2395666092634201, 0.295746386051178, 0.3302568197250366, 0.3555377125740051, 0.3952648341655731, 0.4438202381134033, 0.47833067178726196, 0.5208667516708374, 0.540930986404419, 0.5642054677009583, 0.6155698299407959, 0.6412519812583923, 0.6693419218063354, 0.694622814655304, 0.7122793197631836, 0.7363563179969788, 0.7495987415313721, 0.7636436820030212, 0.7897271513938904, 0.8262439966201782, 0.8194221258163452, 0.8451043367385864, 0.8049759268760681], "loss": [3.9706385135650635, 3.5764803886413574, 3.4854514598846436, 3.3060142993927, 3.166903018951416, 3.0201618671417236, 2.8948934078216553, 2.740079879760742, 2.600252389907837, 2.4930591583251953, 2.365002393722534, 2.2262120246887207, 2.1143341064453125, 1.9586361646652222, 1.8398562669754028, 1.7214127779006958, 1.5550588369369507, 1.5072221755981445, 1.4030753374099731, 1.230827808380127, 1.176742434501648, 1.046655297279358, 0.9684460163116455, 0.9327718019485474, 0.8549401760101318, 0.7812390923500061, 0.7732527852058411, 0.6494614481925964, 0.5548810362815857, 0.5995580554008484, 0.49039730429649353, 0.6516209244728088], "val_accuracy": [0.0, 0.02857142873108387, 0.05714285746216774, 0.08571428805589676, 0.17142857611179352, 0.1428571492433548, 0.24285714328289032, 0.3142857253551483, 0.4285714328289032, 0.37142857909202576, 0.4571428596973419, 0.4714285731315613, 0.5428571701049805, 0.6714285612106323, 0.6857143044471741, 0.7142857313156128, 0.7285714149475098, 0.8142856955528259, 0.7714285850524902, 0.7714285850524902, 0.8285714387893677, 0.8142856955528259, 0.8428571224212646, 0.8999999761581421, 0.8428571224212646, 0.8999999761581421, 0.8571428656578064, 0.8142856955528259, 0.8857142925262451, 0.8999999761581421, 0.8285714387893677, 0.8714285492897034], "val_loss": [3.5880284309387207, 3.5504212379455566, 3.449096918106079, 3.102966785430908, 2.7665011882781982, 2.7847816944122314, 2.3989009857177734, 2.181197166442871, 2.113157272338867, 1.9497920274734497, 1.7426103353500366, 1.7841739654541016, 1.5279268026351929, 1.322689175605774, 1.2694910764694214, 1.101267695426941, 0.9313532114028931, 0.7307239174842834, 0.7998295426368713, 0.8329428434371948, 0.6524279713630676, 0.5939047336578369, 0.5538115501403809, 0.4023747146129608, 0.34499359130859375, 0.34736132621765137, 0.5273764729499817, 0.44770804047584534, 0.3949967622756958, 0.3317592740058899, 0.5463743209838867, 0.3802157938480377]}