{"accuracy": [0.033707864582538605, 0.05497592315077782, 0.06741572916507721, 0.0818619579076767, 0.11396468430757523, 0.14205457270145416, 0.1364365965127945, 0.1597110778093338, 0.19060994684696198, 0.21348313987255096, 0.26765650510787964, 0.30537721514701843, 0.3735955059528351, 0.4177367687225342, 0.4703049659729004, 0.516853928565979, 0.5886837840080261, 0.603130042552948, 0.6532905101776123, 0.7223113775253296, 0.7287319302558899, 0.778892457485199, 0.8105939030647278, 0.7949438095092773, 0.8230336904525757, 0.8430979251861572, 0.8619582653045654, 0.869983971118927, 0.8896468877792358, 0.9040930867195129, 0.8992776870727539, 0.8972712755203247], "loss": [7.015771389007568, 3.5195508003234863, 3.4122493267059326, 3.2987282276153564, 3.16491436958313, 3.0600030422210693, 2.97930645942688, 2.919233798980713, 2.8009402751922607, 2.700857162475586, 2.5220093727111816, 2.386272430419922, 2.1334187984466553, 1.977688193321228, 1.7610076665878296, 1.6120363473892212, 1.3641775846481323, 1.330909013748169, 1.1461244821548462, 0.9429400563240051, 0.9315552115440369, 0.7150882482528687, 0.6418106555938721, 0.720770537853241, 0.5908089280128479, 0.5442380905151367, 0.4551294147968292, 0.4553718864917755, 0.4038895070552826, 0.3118395209312439, 0.34893783926963806, 0.38089174032211304], "val_accuracy": [0.04285714402794838, 0.08571428805589676, 0.05714285746216774, 0.11428571492433548, 0.11428571492433548, 0.12857143580913544, 0.24285714328289032, 0.2142857164144516, 0.2571428716182709, 0.3285714387893677, 0.37142857909202576, 0.5, 0.44285714626312256, 0.6142857074737549, 0.6285714507102966, 0.6428571343421936, 0.7285714149475098, 0.7714285850524902, 0.7857142686843872, 0.7571428418159485, 0.8142856955528259, 0.8142856955528259, 0.8285714387893677, 0.8428571224212646, 0.8142856955528259, 0.8571428656578064, 0.8571428656578064, 0.8142856955528259, 0.8714285492897034, 0.8571428656578064, 0.8428571224212646, 0.8428571224212646], "val_loss": [3.5039939880371094, 3.3569531440734863, 3.247061014175415, 3.051548480987549, 2.8846445083618164, 2.868508815765381, 2.6641407012939453, 2.5702579021453857, 2.4083876609802246, 2.2344508171081543, 2.1213924884796143, 1.7859954833984375, 1.6746656894683838, 1.3607817888259888, 1.2902226448059082, 1.071197509765625, 0.8708862066268921, 0.9024937748908997, 0.7531954646110535, 0.8005681037902832, 0.828462541103363, 0.8439865112304688, 0.7224425077438354, 0.6283878087997437, 0.8103030323982239, 0.5702955722808838, 0.6667655110359192, 0.5998538136482239, 0.598533570766449, 0.5902554988861084, 0.6512661576271057, 0.7470070123672485]}